humerus;ulna;femur;tibia;species;sex;HSEMA;USEMA;FSEMA;TSEMA;Hzscore;Uzscore;Fzscore;Tzscore;species;sex;ÚMERO ;ULNA;FEMUR;TIBIA;ESPÉCIE
5,426811254;13,88468221;19,9900929;26,65406479;A;F;5,308621254;14,03623221;20,2067129;26,60629479;5,09628039;13,9522629;20,13281121;26,59804145;A;F;0.519;0.121;0.465;0.707;A
5,681989432;14,45379844;20,17766359;26,15899487;A;F;5,563799432;14,60534844;20,39428359;26,11122487;5,378165908;14,62805541;20,35087633;26,09841585;A;F;0.083;0.298;-0.665;-0.680;B
5,84474033;14,11084786;20,5182781;26,41920554;A;F;5,72655033;14,26239786;20,7348981;26,37143554;5,557950565;14,22082149;20,74686648;26,361021;A;F;0.620;0.631;0.123;0.450;C
7,099208108;13,46465743;19,84550943;25,82649842;A;F;6,981018108;13,61620743;20,06212943;25,77872842;6,943712869;13,45350783;19,96472198;25,76285973;A;F;0.437;0.586;0.484;0.481;D
7,097852132;14,12511005;18,397782;27,17176501;A;F;6,979662132;14,27666005;18,614402;27,12399501;6,942214975;14,23775701;18,28162925;27,1205056;A;F;0.499;0.522;0.480;0.499;E
6,884276255;13,67580537;20,10287884;26,77579007;A;F;6,766086255;13,82735537;20,31949884;26,72802007;6,706285918;13,70423377;20,2639334;26,72088686;A;F;;;;;
8,571459272;12,59639226;18,44719832;26,57829611;A;F;8,453269272;12,74794226;18,66381832;26,53052611;8,570052103;12,4224933;18,33907946;26,52157554;A;F;;;;;
7,22176971;13,05083562;20,42196804;27,56913478;A;F;7,10357971;13,20238562;20,63858804;27,52136478;7,079101957;12,96211844;20,63489875;27,52153201;A;F;;;;;
6,136409553;14,09831363;21,34376562;29,03791841;A;F;6,018219553;14,24986363;21,56038562;28,99014841;5,880146338;14,20593782;21,70655821;29,00383154;A;F;;;;;
7,39189231;14,18998168;20,26107185;26,43136958;A;F;7,27370231;14,34153168;20,47769185;26,38359958;7,26702985;14,31478831;20,44784475;26,37329698;A;F;;;;;
7,716294676;14,14485813;20,19023874;26,13504103;A;F;7,598104676;14,29640813;20,40685874;26,08727103;7,625384666;14,26120671;20,36549589;26,07424158;A;F;;;;;
7,551471617;14,79539104;19,11797265;27,17183489;A;F;7,433281617;14,94694104;19,33459265;27,12406489;7,443310972;15,03367681;19,1189054;27,12057613;A;F;;;;;
6,706329454;14,03158725;21,65912677;28,69695724;A;F;6,588139454;14,18313725;21,87574677;28,64918724;6,509714932;14,12670411;22,07318942;28,65973281;A;F;;;;;
6,76522334;14,71543663;20,62700946;28,7682607;A;F;6,64703334;14,86698663;20,84362946;28,7204907;6,574772742;14,93873559;20,87327492;28,73169241;A;F;;;;;
6,928737514;15,22043307;20,34419627;28,09498946;A;F;6,810547514;15,37198307;20,56081627;28,04721946;6,755400561;15,53838957;20,54448318;28,05222566;A;F;;;;;
7,34272646;13,83275838;21,42993612;28,2656144;A;F;7,22453646;13,98430838;21,64655612;28,2178444;7,212718226;13,89060636;21,80673794;28,22442071;A;F;;;;;
7,662126986;14,01605253;20,52148555;28,00148443;A;F;7,543936986;14,16760253;20,73810555;27,95371443;7,565547702;14,10825754;20,75059539;27,95786019;A;F;;;;;
8,662443559;13,98683993;19,8713928;26,2751318;A;F;8,544253559;14,13838993;20,0880128;26,2273618;8,670558946;14,07356927;19,99481335;26,21562148;A;F;;;;;
7,911117697;14,29954975;20,21398173;27,89366763;A;F;7,792927697;14,45109975;20,43060173;27,84589763;7,840598164;14,44489404;20,39309892;27,84905125;A;F;;;;;
7,563835658;14,9539975;20,13634465;28,04305834;A;F;7,445645658;15,1055475;20,35296465;27,99528834;7,456969053;15,22201279;20,30283994;27,99981667;A;F;;;;;
7,896518865;14,91819446;20,45746414;26,83915311;A;F;7,778328865;15,06974446;20,67408414;26,79138311;7,824471396;15,17949875;20,67616565;26,78483297;A;F;;;;;
7,31932563;16,05931545;20,88732983;27,28251007;A;F;7,20113563;16,21086545;21,10394983;27,23474007;7,18686823;16,53451374;21,17591706;27,23226975;A;F;;;;;
7,871187636;14,42502568;21,13337222;27,91589077;A;F;7,752997636;14,57657568;21,34999222;27,86812077;7,796488961;14,59388943;21,46195996;27,87147889;A;F;;;;;
9,015036254;12,33999645;21,57811986;28,13771101;A;F;8,896846254;12,49154645;21,79473986;28,08994101;9,060054534;12,11803815;21,97901276;28,09534034;A;F;;;;;
8,166102278;14,59882179;20,11075969;28,26608965;A;F;8,047912278;14,75037179;20,32737969;28,21831965;8,122269823;14,80026223;20,27309548;28,22490033;A;F;;;;;
7,706078158;14,55544259;22,04852102;28,33968729;A;F;7,587888158;14,70699259;22,26514102;28,29191729;7,614098872;14,74875195;22,52588971;28,29917523;A;F;;;;;
8,574786922;14,8081561;20,43197392;27,25293768;A;F;8,456596922;14,9597061;20,64859392;27,20516768;8,57372803;15,04883458;20,64653134;27,20242523;A;F;;;;;
7,930196347;15,25945589;21,86969367;28,05573415;A;F;7,812006347;15,41100589;22,08631367;28,00796415;7,861673615;15,58472691;22,31798938;28,01260912;A;F;;;;;
8,327400758;15,8440109;20,32083392;29,44032304;A;F;8,209210758;15,9955609;20,53745392;29,39255304;8,30045005;16,27885208;20,51732268;29,40993914;A;F;;;;;
8,695039981;15,52299326;20,88408645;29,06014759;A;F;8,576849981;15,67454326;21,10070645;29,01237759;8,706566959;15,89766225;21,17214638;29,02626528;A;F;;;;;
6,012520675;13,12610433;18,66419111;26,92798207;A;M;6,012520675;13,12610433;18,66419111;26,92798207;6,100006694;12,70600962;18,74833475;26,94448459;A;M;;;;;
5,78581937;14,53254807;20,62877239;26,88133459;A;M;5,78581937;14,53254807;20,62877239;26,88133459;5,88827498;14,54751345;20,63014243;26,89917303;A;M;;;;;
6,142179019;14,43151222;20,71106203;25,85901323;A;M;6,142179019;14,43151222;20,71106203;25,85901323;6,22110341;14,41522383;20,70896497;25,90612957;A;M;;;;;
5,594462472;14,98144444;21,27597931;27,2507232;A;M;5,594462472;14,98144444;21,27597931;27,2507232;5,709553804;15,13526848;21,25008062;27,25798285;A;M;;;;;
7,337556093;13,26781287;19,33765779;26,36456745;A;M;7,337556093;13,26781287;19,33765779;26,36456745;7,337547079;12,89155335;19,39342629;26,3972054;A;M;;;;;
6,021527892;15,64185391;20,12267227;26,35929166;A;M;6,021527892;15,64185391;20,12267227;26,35929166;6,108419145;15,99996468;20,1453658;26,3920807;A;M;;;;;
6,231035681;14,23608119;21,70127756;27,18389569;A;M;6,231035681;14,23608119;21,70127756;27,18389569;6,304092669;14,15933945;21,6574598;27,19306919;A;M;;;;;
6,807692205;15,1388661;20,07010507;26,00978773;A;M;6,807692205;15,1388661;20,07010507;26,00978773;6,842671281;15,34138592;20,09501341;26,05258609;A;M;;;;;
6,400634356;14,69912896;20,26323337;28,91090411;A;M;6,400634356;14,69912896;20,26323337;28,91090411;6,462492366;14,76562338;20,28000465;28,87061843;A;M;;;;;
6,602214715;15,06167008;21,14690999;26,60520985;A;M;6,602214715;15,06167008;21,14690999;26,60520985;6,650761926;15,24031059;21,12644937;26,63095613;A;M;;;;;
6,876211843;14,26987163;20,77345365;27,98202428;A;M;6,876211843;14,26987163;20,77345365;27,98202428;6,906666415;14,2035824;20,76872784;27,96834046;A;M;;;;;
7,310314138;15,25927653;17,70850604;29,0116802;A;M;7,310314138;15,25927653;17,70850604;29,0116802;7,31210397;15,49904332;17,83291551;28,96850843;A;M;;;;;
7,106048035;14,01009985;21,625814;27,06641512;A;M;7,106048035;14,01009985;21,625814;27,06641512;7,121326012;13,86345452;21,58517574;27,07895311;A;M;;;;;
6,713681295;14,33915721;22,46278559;27,50479486;A;M;6,713681295;14,33915721;22,46278559;27,50479486;6,75486812;14,29430033;22,38688325;27,50477825;A;M;;;;;
7,961417609;13,92198545;20,43571908;26,26523444;A;M;7,961417609;13,92198545;20,43571908;26,26523444;7,920213632;13,74808339;20,44522303;26,30071716;A;M;;;;;
7,300472584;14,28611386;22,12404561;25,94023252;A;M;7,300472584;14,28611386;22,12404561;25,94023252;7,302912276;14,22484889;22,06241538;25,98502285;A;M;;;;;
7,153986118;16,10437128;19,6630447;26,53572854;A;M;7,153986118;16,10437128;19,6630447;26,53572854;7,166098637;16,60555414;19,70510369;26,56346467;A;M;;;;;
8,192530266;13,49930027;20,49089837;27,00043262;A;M;8,192530266;13,49930027;20,49089837;27,00043262;8,136065407;13,19464755;20,49807745;27,01486026;A;M;;;;;
7,462510672;13,09950244;22,07090801;28,38975042;A;M;7,462510672;13,09950244;22,07090801;28,38975042;7,454250629;12,67117888;22,01151663;28,36438988;A;M;;;;;
8,25847819;14,08690921;19,87615578;27,11435954;A;M;8,25847819;14,08690921;19,87615578;27,11435954;8,197658643;13,96402358;19,90923578;27,12552446;A;M;;;;;
7,107433142;15,1314208;21,18512313;28,13048822;A;M;7,107433142;15,1314208;21,18512313;28,13048822;7,122619657;15,33163754;21,16305248;28,1125526;A;M;;;;;
7,738994944;14,96714333;20,49362222;27,11085596;A;M;7,738994944;14,96714333;20,49362222;27,11085596;7,71247803;15,11654355;20,50068654;27,12212122;A;M;;;;;
7,450211987;15,39718551;19,91358493;28,18543687;A;M;7,450211987;15,39718551;19,91358493;28,18543687;7,442764053;15,67961216;19,94508793;28,16592759;A;M;;;;;
7,259059688;14,51131549;21,94687502;28,78271609;A;M;7,259059688;14,51131549;21,94687502;28,78271609;7,264233966;14,51971292;21,89270951;28,74610154;A;M;;;;;
7,995852647;15,54332032;20,28703384;28,13485204;A;M;7,995852647;15,54332032;20,28703384;28,13485204;7,952374848;15,87095136;20,30280233;28,11679144;A;M;;;;;
8,804809406;14,47556856;20,32193755;28,3480969;A;M;8,804809406;14,47556856;20,32193755;28,3480969;8,707914394;14,47290827;20,33623545;28,32392926;A;M;;;;;
8,580930926;14,34459824;20,80913994;28,82312887;A;M;8,580930926;14,34459824;20,80913994;28,82312887;8,498819108;14,30142445;20,80291056;28,78535696;A;M;;;;;
9,156934638;13,84122553;20,64467198;28,66664091;A;M;9,156934638;13,84122553;20,64467198;28,66664091;9,036788014;13,64234172;20,64537212;28,6333506;A;M;;;;;
8,579388941;14,85267691;21,92985154;28,78829475;A;M;8,579388941;14,85267691;21,92985154;28,78829475;8,497378943;14,96666884;21,87640328;28,75152044;A;M;;;;;
10,17767776;13,46699458;21,15365269;28,992569;A;M;10,17767776;13,46699458;21,15365269;28,992569;9,990129199;13,15234863;21,13290798;28,94994455;A;M;;;;;
6,586002952;15,78515291;23,45688658;33,12595753;B;F;7,442188464;17,54800991;26,56185557;33,88478845;8,386622543;16,75662041;24,50664561;34,25635233;B;F;;;;;
6,70040166;16,25910667;25,53145192;33,18995027;B;F;8,963658972;16,19777142;25,42444912;32,73590506;8,497898756;17,20700147;26,5785653;34,34403258;B;F;;;;;
8,268570524;15,99819778;24,10066336;32,7924165;B;F;8,422769182;17,84653845;24,90790264;34,36246722;10,02326469;16,95906922;25,14960139;33,79934801;B;F;;;;;
7,204938891;17,47276235;25,86230627;33,60194243;B;F;8,577156651;16,57147597;26,26540056;34,97580884;8,98866472;18,36029443;26,90899771;34,90852744;B;F;;;;;
9,826388023;17,72382985;27,12230422;34,4445094;B;F;8,485273805;18,44934842;25,07283382;33,25862637;11,53856179;18,59887477;28,16738881;36,06297836;B;F;;;;;
5,269815968;15,62281131;24,86911841;33,43094232;B;F;8,3261802;18,15312583;25,58256222;34,43116972;7,106360684;16,60235308;25,91707645;34,67423006;B;F;;;;;
6,294021691;15,5509861;25,2321197;33,81822113;B;F;8,409713651;17,29168441;26,81281074;34,18009865;8,102610867;16,53410019;26,27961481;35,2048637;B;F;;;;;
7,944651764;17,79749083;26,22001805;33,58246055;B;F;9,106973207;16,90861739;25,1033136;34,09778942;9,708187242;18,66887213;27,26625331;34,88183416;B;F;;;;;
7,723620738;16,4084223;26,13863006;34,64311266;B;F;8,37673821;17,52865885;25,79427099;35,83315354;9,493189224;17,3488907;27,18496911;36,33509645;B;F;;;;;
5,909122585;16,38413351;25,55416363;33,65176825;B;F;7,876265009;18,29053622;27,10550877;35,37689087;7,728217523;17,32580994;26,60124804;34,97679675;B;F;;;;;
7,302484736;15,81736167;24,49899473;32,96447588;B;F;8,756860428;16,96223834;26,84292551;36,15779561;9,083548066;16,78722723;25,54742478;34,03509676;B;F;;;;;
6,654640766;15,86521844;25,07970176;33,02864038;B;F;9,287159314;17,30090025;25,83236833;34,49478059;8,453386899;16,83270378;26,12739125;34,12301234;B;F;;;;;
5,92544426;14,87144271;24,16761738;33,39097355;B;F;9,065979557;17,05326244;27,0345858;34,56894422;7,744093701;15,88835476;25,21647003;34,61946648;B;F;;;;;
7,383508115;16,4200974;25,51872617;33,5087906;B;F;8,857630359;18,13392385;26,11474223;34,87071706;9,162359924;17,35998512;26,56585578;34,7808946;B;F;;;;;
7,569092687;16,18293229;25,93168224;34,3597904;B;F;10,00785724;17,48928538;24,88265602;33,50109372;9,342878993;17,13461573;26,97828521;35,94689984;B;F;;;;;
7,504485633;16,47579661;25,70782975;32,81760884;B;F;9,353555268;17,52640705;25,94732368;34,74473479;9,280035379;17,41291406;26,7547182;33,83386553;B;F;;;;;
7,691276561;17,30288643;24,01465506;32,35054496;B;F;9,657931694;17,46874033;25,68205543;34,2329379;9,461727877;18,19886751;25,06370278;33,19391364;B;F;;;;;
9,1258902;17,63918302;25,91311131;34,29673814;B;F;9,697928574;17,27619106;26,31687234;33,70275769;10,85718395;18,51843796;26,95973796;35,8605082;B;F;;;;;
7,668023733;17,09700662;22,86458527;31,62560694;B;F;9,738552567;16,31691574;26,85433784;35,30279618;9,439109731;18,0032274;23,91509965;32,20063311;B;F;;;;;
8,560917661;18,89480207;23,78498895;32,64383168;B;F;8,770768367;18,45112756;26,82525032;35,37843155;10,30763225;19,71160718;24,83432956;33,59576315;B;F;;;;;
7,039182414;16,94614018;23,99309424;32,74400713;B;F;9,201985445;17,20353327;27,08739459;35,74895169;8,827432541;17,85986449;25,04216946;33,73301947;B;F;;;;;
7,42742793;16,6970988;24,48016219;32,86350433;B;F;10,41520376;16,95216229;25,29972866;33,77030291;9,205080954;17,6232095;25,52861626;33,89674966;B;F;;;;;
8,066428501;16,14221657;24,29581894;33,66684939;B;F;9,7835036;17,72701228;25,35735144;34,60597581;9,826640101;17,09592505;25,3445081;34,99746031;B;F;;;;;
7,037499317;17,5865433;24,95459865;33,27314812;B;F;9,804508861;17,13908939;26,16991968;35,07715555;8,825795383;18,46841634;26,00244768;34,45802688;B;F;;;;;
5,877843027;17,47588602;23,31935895;32,431438;B;F;9,956926359;18,7313858;24,59529293;33,71445602;7,697791736;18,36326274;24,36929337;33,30474998;B;F;;;;;
7,877371493;15,35086861;25,00010403;32,30567101;B;F;9,425807037;17,58655229;26,08337276;36,17234641;9,642743376;16,3439358;26,04789502;33,13242918;B;F;;;;;
8,177271652;18,83243341;24,73566643;32,56083677;B;F;10,02720029;18,65223912;25,00138701;33,32797098;9,934457805;19,65234051;25,78379466;33,4820469;B;F;;;;;
6,662038486;15,72719603;25,19379091;34,13343008;B;F;9,798005135;17,62866677;26,19089738;34,79165902;8,460582699;16,70154609;26,2413349;35,63675015;B;F;;;;;
8,426427237;16,61657331;24,52171986;33,560473;B;F;10,35598903;17,51047008;26,41082134;32,85242888;10,17681273;17,54668905;25,57012093;34,85170772;B;F;;;;;
8,712811406;14,46634797;26,37831273;34,32165863;B;F;9,807911863;17,47264453;26,71771359;34,86863348;10,45538008;15,50340793;27,42434612;35,89465324;B;F;;;;;
8,164873616;16,59021021;25,79310253;34,6940483;B;M;8,164873616;16,59021021;25,79310253;34,6940483;7,771989056;16,62452892;25,78951072;34,70861095;B;M;;;;;
8,699445761;16,22605723;25,28848502;34,50412181;B;M;8,699445761;16,22605723;25,28848502;34,50412181;8,511051182;16,27392942;25,27595709;34,50437779;B;M;;;;;
8,889226313;15,50108468;25,95338626;34,68284568;B;M;8,889226313;15,50108468;25,95338626;34,68284568;8,773428524;15,57593975;25,95263286;34,69656447;B;M;;;;;
7,815040858;17,6649764;26,18298815;34,66631419;B;M;7,815040858;17,6649764;26,18298815;34,66631419;7,288334708;17,6592932;26,1863007;34,6787877;B;M;;;;;
7,89350628;16,67441659;27,22497724;35,23873588;B;M;7,89350628;16,67441659;27,22497724;35,23873588;7,396815522;16,70560121;27,24674206;35,29432843;B;M;;;;;
7,812849399;17,91179015;25,7875118;35,09504888;B;M;7,812849399;17,91179015;25,7875118;35,09504888;7,285304949;17,89692074;25,78382098;35,13981786;B;M;;;;;
9,252156424;16,73469155;25,25382828;32,95965834;B;M;9,252156424;16,73469155;25,25382828;32,95965834;9,275190358;16,76363279;25,24068663;32,84357389;B;M;;;;;
8,344496036;17,58844667;26,31887543;34,50300825;B;M;8,344496036;17,58844667;26,31887543;34,50300825;8,020322473;17,58561184;26,32459437;34,50318035;B;M;;;;;
8,844423109;17,72055734;25,38788776;33,77645213;B;M;8,844423109;17,72055734;25,38788776;33,77645213;8,711486742;17,71280546;25,37712013;33,72189464;B;M;;;;;
9,527044268;16,51674554;25,32882099;33,75219465;B;M;9,527044268;16,51674554;25,32882099;33,75219465;9,6552311;16,55379855;25,31700736;33,69580991;B;M;;;;;
8,948122034;16,40880706;26,23168325;34,94922958;B;M;8,948122034;16,40880706;26,23168325;34,94922958;8,854853636;16,44987745;26,23585813;34,98301437;B;M;;;;;
9,334044977;18,08406005;25,08967182;32,09121918;B;M;9,334044977;18,08406005;25,08967182;32,09121918;9,388403754;18,0627789;25,07362317;31,90971746;B;M;;;;;
8,774127283;16,74984494;26,99344979;34,71898958;B;M;8,774127283;16,74984494;26,99344979;34,71898958;8,614300641;16,77822218;27,01111456;34,73543099;B;M;;;;;
9,087646829;17,28611123;25,22197152;34,98000927;B;M;9,087646829;17,28611123;25,22197152;34,98000927;9,047750877;17,29452908;25,20826573;35,01611262;B;M;;;;;
9,51545879;17,65186408;24,69636044;34,3325306;B;M;9,51545879;17,65186408;24,69636044;34,3325306;9,639213827;17,64666891;24,67334676;34,31986106;B;M;;;;;
8,625351295;17,62141065;26,59937962;35,23868483;B;M;8,625351295;17,62141065;26,59937962;35,23868483;8,408613347;17,61734893;26,61006592;35,29427354;B;M;;;;;
8,836405649;18,13848714;25,83499283;34,66822543;B;M;8,836405649;18,13848714;25,83499283;34,66822543;8,700402362;18,11518025;25,83214284;34,68084291;B;M;;;;;
9,136983681;16,70842837;27,80065509;34,55078281;B;M;9,136983681;16,70842837;27,80065509;34,55078281;9,115960564;16,7383471;27,83261441;34,55455364;B;M;;;;;
10,35389988;16,72286377;25,03766406;33,85015127;B;M;10,35389988;16,72286377;25,03766406;33,85015127;10,79838394;16,75224523;25,02069442;33,80114535;B;M;;;;;
9,74754843;16,88392737;25,95582855;35,37563553;B;M;9,74754843;16,88392737;25,95582855;35,37563553;9,96008476;16,90731417;25,9551184;35,44154038;B;M;;;;;
9,563183474;19,4983684;24,58871539;33,09554608;B;M;9,563183474;19,4983684;24,58871539;33,09554608;9,705194643;19,42444785;24,56379546;32,98969771;B;M;;;;;
9,866145306;19,1572381;24,54048167;33,12676072;B;M;9,866145306;19,1572381;24,54048167;33,12676072;10,12404852;19,09601414;24,51470758;33,02326366;B;M;;;;;
10,30656745;18,82407024;24,04704336;33,52965236;B;M;10,30656745;18,82407024;24,04704336;33,52965236;10,73294543;18,77524651;24,01253112;33,45650409;B;M;;;;;
9,784349557;17,03076877;26,55622144;35,50066111;B;M;9,784349557;17,03076877;26,55622144;35,50066111;10,01096343;17,04869025;26,56614347;35,57598381;B;M;;;;;
10,16657744;17,08058106;27,07715418;33,73924574;B;M;10,16657744;17,08058106;27,07715418;33,73924574;10,53940501;17,09664857;27,09630125;33,68188559;B;M;;;;;
9,274530936;18,41190952;26,77562601;34,74055623;B;M;9,274530936;18,41190952;26,77562601;34,74055623;9,306123796;18,37842608;26,78943341;34,7586222;B;M;;;;;
9,592771947;16,75436817;27,51304992;35,95034495;B;M;9,592771947;16,75436817;27,51304992;35,95034495;9,7461016;16,78257706;27,53991613;36,05954117;B;M;;;;;
10,13423192;18,54289212;26,78135603;35,47507813;B;M;10,13423192;18,54289212;26,78135603;35,47507813;10,49468636;18,50453361;26,7952649;35,54847373;B;M;;;;;
9,943035256;19,42017156;26,41072812;35,09000563;B;M;9,943035256;19,42017156;26,41072812;35,09000563;10,2303512;19,34916143;26,41807365;35,13439472;B;M;;;;;
9,524208026;19,26327564;27,60600568;36,14596985;B;M;9,524208026;19,26327564;27,60600568;36,14596985;9,65130991;19,19810505;27,63451801;36,26990198;B;M;;;;;
8,426774105;18,93604345;20,30693337;26,65052632;C;F;8,515334105;19,09458345;20,20934337;26,49641632;8,520891343;19,00672765;20,09600965;26,43179676;C;F;;;;;
9,130691586;19,14915604;20,8201401;26,87528645;C;F;9,219251586;19,30769604;20,7225501;26,72117645;9,222386863;19,23519911;20,65439396;26,66445954;C;F;;;;;
8,801591441;19,37173437;21,18455394;27,19895094;C;F;8,890151441;19,53027437;21,08696394;27,04484094;8,894419049;19,47381851;21,05088715;26,99950419;C;F;;;;;
8,340340724;19,24100915;22,32738341;27,84966777;C;F;8,428900724;19,39954915;22,22979341;27,69555777;8,434755353;19,33367201;22,2943199;27,67310045;C;F;;;;;
9,292971025;18,87718895;20,83317185;27,55083389;C;F;9,381531025;19,03572895;20,73558185;27,39672389;9,384107949;18,94363155;20,6685729;27,36375947;C;F;;;;;
8,687417095;18,53694664;22,61981371;27,97607379;C;F;8,775977095;18,69548664;22,52222371;27,82196379;8,780637542;18,57886821;22,61249283;27,80395095;C;F;;;;;
8,814684636;19,79012968;21,36436085;28,28983169;C;F;8,903244636;19,94866968;21,26677085;28,13572169;8,907467194;19,92236727;21,24652246;28,12874069;C;F;;;;;
9,586903483;19,6599542;20,72722903;28,06864106;C;F;9,675463483;19,8184942;20,62963903;27,91453106;9,677029076;19,78281014;20,55330393;27,89977292;C;F;;;;;
9,782737527;18,85993919;20,45260199;29,33714142;C;F;9,871297527;19,01847919;20,35501199;29,18303142;9,872189316;18,92513861;20,25450147;29,2128742;C;F;;;;;
9,179502787;19,98559717;21,83892358;27,92473514;C;F;9,268062787;20,14413717;21,74133358;27,77062514;9,27103012;20,13192197;21,76286095;27,75080722;C;F;;;;;
10,07203401;19,80375376;21,38830007;28,13578414;C;F;10,16059401;19,96229376;21,29071007;27,98167414;10,16049042;19,93697323;21,27256905;27,96927677;C;F;;;;;
9,697071717;20,02262151;22,14318828;27,96940232;C;F;9,785631717;20,18116151;22,04559828;27,81529232;9,786818256;20,17161462;22,09391007;27,79704491;C;F;;;;;
10,32301677;19,71533645;21,48171149;27,64775547;C;F;10,41157677;19,87387645;21,38412149;27,49364547;10,41060963;19,84218375;21,37420348;27,46408884;C;F;;;;;
9,740360822;20,09866965;22,70982891;27,93013602;C;F;9,828920822;20,25720965;22,61223891;27,77602602;9,829958416;20,2531435;22,71043207;27,75639799;C;F;;;;;
9,943450387;20,51280334;21,44605263;28,638878;C;F;10,03201039;20,67134334;21,34846263;28,484768;10,03234921;20,69712351;21,33540557;28,49005959;C;F;;;;;
9,698775639;19,85515372;22,62837146;29,37628645;C;F;9,787335639;20,01369372;22,53078146;29,22217645;9,788516315;19,99207755;22,62180392;29,25339559;C;F;;;;;
11,33781723;20,85539859;19,11448136;28,94844949;C;F;11,42637723;21,01393859;19,01689136;28,79433949;11,42191847;21,06440936;18,79858609;28,81051573;C;F;;;;;
10,30970404;19,7866418;22,1052931;29,06668704;C;F;10,39826404;19,9451818;22,0077031;28,91257704;10,3973427;19,91862802;22,05267898;28,93291055;C;F;;;;;
9,987859144;20,10193406;22,42205359;29,570388;C;F;10,07641914;20,26047406;22,32446359;29,416278;10,07660517;20,25664317;22,39732389;29,45432182;C;F;;;;;
10,78365419;21,3910479;21,0553474;27,63176967;C;F;10,87221419;21,5495879;20,9577574;27,47765967;10,86966214;21,63866254;20,91030656;27,44754098;C;F;;;;;
9,492188935;20,36749408;23,16233729;30,0045333;C;F;9,580748935;20,52603408;23,06474729;29,8504233;9,582640412;20,54134192;23,20277476;29,90373182;C;F;;;;;
10,4850866;20,70357145;21,90732692;28,44571734;C;F;10,5736466;20,86211145;21,80973692;28,29160734;10,57212182;20,90164015;21,83728583;28,29010734;C;F;;;;;
10,80707753;20,08795112;22,77842999;27,48650713;C;F;10,89563753;20,24649112;22,68083999;27,33239713;10,89300488;20,24165249;22,7850721;27,29717095;C;F;;;;;
11,15476876;20,54238919;20,79906019;28,70709792;C;F;11,24332876;20,70092919;20,70147019;28,55298792;11,23949982;20,72884159;20,63145839;28,56067815;C;F;;;;;
10,72774385;20,67656883;21,47246878;29,78907299;C;F;10,81630385;20,83510883;21,37487878;29,63496299;10,81394417;20,87269147;21,36414713;29,68069585;C;F;;;;;
10,55077867;20,56427326;21,89085001;30,35191054;C;F;10,63933867;20,72281326;21,79326001;30,19780054;10,63758787;20,75230283;21,81935846;30,26332297;C;F;;;;;
11,32730406;21,48513297;20,76669163;28,60653103;C;F;11,41586406;21,64367297;20,66910163;28,45242103;11,41144148;21,73952825;20,59624042;28,45657529;C;F;;;;;
10,54825501;21,74407367;22,40845075;29,49331933;C;F;10,63681501;21,90261367;22,31086075;29,33920933;10,63507289;22,01713063;22,38252359;29,37454338;C;F;;;;;
11,94660401;22,43789111;20,97372831;29,35231108;C;F;12,03516401;22,59643111;20,87613831;29,19820108;12,02861061;22,760951;20,82150254;29,22857723;C;F;;;;;
12,2999112;21,49373969;22,70378286;29,77578272;C;F;12,3884712;21,65227969;22,60619286;29,62167272;12,38070218;21,74875525;22,70385379;29,66693829;C;F;;;;;
8,612760326;18,7791534;19,81650525;28,25761346;C;M;8,612760326;18,7791534;19,81650525;28,25761346;8,608491948;18,79617756;20,16092764;28,25388589;C;M;;;;;
7,915180142;19,52692857;21,68985133;27,51766759;C;M;7,915180142;19,52692857;21,68985133;27,51766759;7,908950751;19,53565686;21,65029009;27,47793621;C;M;;;;;
9,009073895;18,67809784;20,83159513;27,78618567;C;M;9,009073895;18,67809784;20,83159513;27,78618567;9,005919619;18,69624312;20,96795244;27,75951967;C;M;;;;;
8,576324377;19,82489708;20,17234908;29,23449897;C;M;8,576324377;19,82489708;20,17234908;29,23449897;8,571953571;19,83031969;20,44383342;29,27830406;C;M;;;;;
9,671533353;19,08772312;20,96597684;26,87157835;C;M;9,671533353;19,08772312;20,96597684;26,87157835;9,67024136;19,10132399;21,07478966;26,80040998;C;M;;;;;
9,773880704;19,45306723;19,55207569;28,20703424;C;M;9,773880704;19,45306723;19,55207569;28,20703424;9,772876426;19,46261494;19,95069875;28,20084562;C;M;;;;;
9,394043179;19,11843185;21,58773734;27,37361663;C;M;9,394043179;19,11843185;21,58773734;27,37361663;9,391971115;19,13169203;21,56910662;27,32687611;C;M;;;;;
9,049425701;19,9126652;20,91030638;28,3578673;C;M;9,049425701;19,9126652;20,91030638;28,3578673;9,046384861;19,9171141;21,03053009;28,35901782;C;M;;;;;
9,721130462;19,75879266;21,68831159;26,20449774;C;M;9,721130462;19,75879266;21,68831159;26,20449774;9,719977894;19,76494864;21,64906596;26,10087099;C;M;;;;;
9,226693612;19,23282445;22,06340574;29,22608356;C;M;9,226693612;19,23282445;22,06340574;29,22608356;9,224151101;19,24481555;21,94727628;29,26947918;C;M;;;;;
9,906449683;20,07671292;21,93980938;27,59328826;C;M;9,906449683;20,07671292;21,93980938;27,59328826;9,905818078;20,07934187;21,84901373;27,55723638;C;M;;;;;
10,79206977;20,14460414;19,93142941;27,84677561;C;M;10,79206977;20,14460414;19,93142941;27,84677561;10,79392779;20,1464799;20,25229555;27,82305776;C;M;;;;;
10,25658372;21,07257523;20,29279164;27,7332297;C;M;10,25658372;21,07257523;20,29279164;27,7332297;10,2569364;21,06415601;20,53958862;27,703987;C;M;;;;;
9,182150615;19,10077292;24,24963037;28,90016005;C;M;9,182150615;19,10077292;24,24963037;28,90016005;9,179482886;19,11422901;23,68538593;28,9276971;C;M;;;;;
10,82774188;20,19542701;19,10020979;29,68160404;C;M;10,82774188;20,19542701;19,10020979;29,68160404;10,82970018;20,19673893;19,59145274;29,74716408;C;M;;;;;
9,84404203;19,47149878;22,47885323;30,0514741;C;M;9,84404203;19,47149878;22,47885323;30,0514741;9,843234987;19,48084201;22,27756864;30,13503104;C;M;;;;;
9,986556725;21,02974708;21,7665268;28,87222011;C;M;9,986556725;21,02974708;21,7665268;28,87222011;9,986150314;21,021803;21,71124923;28,89839767;C;M;;;;;
10,28218274;21,3995782;21,95835563;27,40276617;C;M;10,28218274;21,3995782;21,95835563;27,40276617;10,28260738;21,38753119;21,86375851;27,35744399;C;M;;;;;
10,32820854;21,18716796;21,91386895;27,76982735;C;M;10,32820854;21,18716796;21,91386895;27,76982735;10,32876257;21,17747745;21,82839036;27,7423654;C;M;;;;;
10,33733211;20,57986361;22,97771306;27,27384192;C;M;10,33733211;20,57986361;22,97771306;27,27384192;10,33791179;20,57691057;22,67417614;27,22224663;C;M;;;;;
10,64636194;21,77399368;19,67677325;29,29815099;C;M;10,64636194;21,77399368;19,67677325;29,29815099;10,64781035;21,75779288;20,04983679;29,34505322;C;M;;;;;
10,70603695;20,8084734;21,26327179;28,60740754;C;M;10,70603695;20,8084734;21,26327179;28,60740754;10,70765312;20,80298415;21,31114745;28,62070002;C;M;;;;;
10,32564653;20,02464697;23,11074802;28,7509234;C;M;10,32564653;20,02464697;23,11074802;28,7509234;10,32619336;20,02785354;22,77994265;28,77119899;C;M;;;;;
11,29491093;20,06344652;21,84408767;28,29469369;C;M;11,29491093;20,06344652;21,84408767;28,29469369;11,29818252;20,06622265;21,77291229;28,29277035;C;M;;;;;
11,04516793;20,49023827;21,9967116;28,68878392;C;M;11,04516793;20,49023827;21,9967116;28,68878392;11,04773745;20,48827954;21,89425258;28,70603596;C;M;;;;;
11,98393412;21,54053438;20,43998327;27,31478072;C;M;11,98393412;21,54053438;20,43998327;27,31478072;11,98914267;21,52692359;20,65661008;27,26517741;C;M;;;;;
11,38635635;21,38875882;22,18790157;28,32931607;C;M;11,38635635;21,38875882;22,18790157;28,32931607;11,38988501;21,37683184;22,04625395;28,32907736;C;M;;;;;
10,74119695;21,42672984;23,85955016;29,06790346;C;M;10,74119695;21,42672984;23,85955016;29,06790346;10,74291196;21,41438161;23,37526127;29,10360246;C;M;;;;;
11,03145329;22,05185764;22,05332718;30,21343566;C;M;11,03145329;22,05185764;22,05332718;30,21343566;11,03398426;22,0325742;21,93926355;30,30487322;C;M;;;;;
12,0793821;22,21124112;22,58564478;29,29943414;C;M;12,0793821;22,21124112;22,58564478;29,29943414;12,08485897;22,19018947;22,36247091;29,34639881;C;M;;;;;
8,294274486;20,23366906;26,77643226;35,44593383;D;F;9,748964486;21,58240906;27,93325226;36,53196383;8,835269985;21,0699256;27,85925517;36,27185072;D;F;;;;;
9,088871759;19,32309817;26,66815385;35,64254919;D;F;10,54356176;20,67183817;27,82497385;36,72857919;10,0464304;19,6969623;27,72787536;36,51717033;D;F;;;;;
9,207250119;20,08202975;25,71238055;35,58238597;D;F;10,66194012;21,43076975;26,86920055;36,66841597;10,22686794;20,8412831;26,56818605;36,44210388;D;F;;;;;
9,042858574;20,81244007;27,00029279;35,58276425;D;F;10,49754857;22,16118007;28,15711279;36,66879425;9,976295059;21,94259939;28,13087676;36,44257586;D;F;;;;;
9,898249198;21,03254377;26,82193236;34,57102985;D;F;11,3529392;22,38128377;27,97875236;35,65705985;11,28011939;22,27447284;27,9144628;35,18022131;D;F;;;;;
10,32537519;20,73294209;25,05054856;36,09095379;D;F;11,78006519;22,08168209;26,20736856;37,17698379;11,93116378;21,82273195;25,76515097;37,07665076;D;F;;;;;
9,621168071;20,85851928;27,32147966;36,47509598;D;F;11,07585807;22,20725928;28,47829966;37,56112598;10,85778005;22,01207786;28,52058945;37,55595011;D;F;;;;;
9,877273209;21,28431868;26,40743131;36,24485365;D;F;11,33196321;22,63305868;27,56425131;37,33088365;11,24814686;22,6541003;27,41152718;37,26867367;D;F;;;;;
9,308989161;21,4805107;27,63931758;37,30468942;D;F;10,76367916;22,8292507;28,79613758;38,39071942;10,38194311;22,9499196;28,90623868;38,59104495;D;F;;;;;
10,59406728;21,14691806;26,13130025;35,62192832;D;F;12,04875728;22,49565806;27,28812025;36,70795832;12,34071618;22,44692696;27,07648305;36,4914414;D;F;;;;;
9,804902575;21,44125674;27,33816342;37,06319821;D;F;11,25959258;22,78999674;28,49498342;38,14922821;11,13783633;22,89073228;28,54083272;38,28973314;D;F;;;;;
10,34328964;21,31179323;26,79533292;36,06397433;D;F;11,79797964;22,66053323;27,95215292;37,15000433;11,95846978;22,69552656;27,88218832;37,04298812;D;F;;;;;
9,459746146;22,42581927;27,89354398;36,21668062;D;F;10,91443615;23,77455927;29,05036398;37,30271062;10,61173359;24,37526054;29,21470476;37,23352181;D;F;;;;;
9,662799078;21,37568752;27,90975767;37,24883378;D;F;11,11748908;22,72442752;29,06657767;38,33486378;10,92123588;22,79186669;29,23437767;38,52135312;D;F;;;;;
10,46394853;21,44461533;25,85789503;37,09649922;D;F;11,91863853;22,79335533;27,01471503;38,18252922;12,14238341;22,89579638;26,74474631;38,33128325;D;F;;;;;
10,48304888;21,66533386;26,1744585;36,32875703;D;F;11,93773888;23,01407386;27,3312785;37,41478703;12,17149701;23,22859687;27,12884919;37,37336104;D;F;;;;;
10,65160693;21,06899441;27,30915244;35,46767061;D;F;12,10629693;22,41773441;28,46597244;36,55370061;12,42842067;22,3294333;28,50563219;36,29897199;D;F;;;;;
10,32219025;20,82078246;27,05270485;37,40297664;D;F;11,77688025;22,16952246;28,20952485;38,48900664;11,92630915;21,95517809;28,19447103;38,71367923;D;F;;;;;
9,800828074;21,83331994;27,54950306;37,08230348;D;F;11,25551807;23,18205994;28,70632306;38,16833348;11,13162579;23,48188712;28,79726207;38,31357104;D;F;;;;;
10,89427315;20,4028651;27,44303655;35,97173173;D;F;12,34896315;21,7516051;28,59985655;37,05776173;12,79830328;21,32504023;28,66808073;36,9278958;D;F;;;;;
10,30360273;21,17830288;26,83599437;37,49147656;D;F;11,75829273;22,52704288;27,99281437;38,57750656;11,89797723;22,49424915;27,93152497;38,82410177;D;F;;;;;
9,890554738;21,93179001;28,11723821;36,57026855;D;F;11,34524474;23,28053001;29,27405821;37,65629855;11,26839116;23,63036078;29,48612457;37,6746982;D;F;;;;;
9,732208032;21,5381519;28,61855279;37,57104755;D;F;11,18689803;22,8868919;29,77537279;38,65707755;11,02703208;23,03683128;30,09439555;38,92338356;D;F;;;;;
9,91420748;22,19678486;27,90023632;37,42733554;D;F;11,36889748;23,54552486;29,05705632;38,51336554;11,30444371;24,02992132;29,22282492;38,74407216;D;F;;;;;
10,13853554;21,89674048;27,5991766;37,60537102;D;F;11,59322554;23,24548048;28,7559966;38,69140102;11,64637449;23,57751292;28,85753355;38,96620941;D;F;;;;;
10,78304489;21,46394535;27,69617286;36,37116735;D;F;12,23773489;22,81268535;28,85299286;37,45719735;12,62876424;22,92494228;28,97522414;37,42627697;D;F;;;;;
11,10191665;21,92300068;26,36246142;36,59344981;D;F;12,55660665;23,27174068;27,51928142;37,67947981;13,11480272;23,61710818;27,35696288;37,70362177;D;F;;;;;
11,10188525;20,99669338;27,65252454;36,44065909;D;F;12,55657525;22,34543338;28,80934454;37,52668909;13,11475486;22,22041745;28,92226337;37,51298274;D;F;;;;;
10,43672491;21,39334094;28,10992552;37,69866225;D;F;11,89141491;22,74208094;29,26674552;38,78469225;12,10088796;22,8184846;29,4772517;39,08261013;D;F;;;;;
10,56707798;21,99019179;27,95289932;36,60594987;D;F;12,02176798;23,33893179;29,10971932;37,69197987;12,29957789;23,71841927;29,28672367;37,71921826;D;F;;;;;
10,67472344;21,59474524;27,35552371;37,92309953;D;M;10,67472344;21,59474524;27,35552371;37,92309953;10,33478582;21,35509323;27,38049497;38,02126206;D;M;;;;;
10,37288232;22,23471393;27,82092819;37,37841039;D;M;10,37288232;22,23471393;27,82092819;37,37841039;9,907374273;22,1489127;27,83332948;37,31980219;D;M;;;;;
10,67308575;21,65879861;27,42228301;37,89369025;D;M;10,67308575;21,65879861;27,42228301;37,89369025;10,33246682;21,43454526;27,44545119;37,9833883;D;M;;;;;
11,33638912;21,83946208;26,25861175;37,17683942;D;M;11,33638912;21,83946208;26,25861175;37,17683942;11,27171432;21,65864088;26,31320917;37,06021569;D;M;;;;;
11,12671186;22,15931664;27,39138892;36,60945609;D;M;11,12671186;22,15931664;27,39138892;36,60945609;10,97480818;22,05538963;27,4153915;36,32952986;D;M;;;;;
11,31748279;21,91752345;27,22501955;37,12293542;D;M;11,31748279;21,91752345;27,22501955;37,12293542;11,24494267;21,75546848;27,25351555;36,99079721;D;M;;;;;
10,93938209;21,43126867;28,25233621;37,99384202;D;M;10,93938209;21,43126867;28,25233621;37,99384202;10,70954642;21,1523163;28,25308573;38,11236544;D;M;;;;;
11,38904308;21,77246701;27,5975751;37,28322578;D;M;11,38904308;21,77246701;27,5975751;37,28322578;11,34627311;21,57553995;27,61600887;37,19722184;D;M;;;;;
11,1174523;22,21401887;27,63758997;37,67300152;D;M;11,1174523;22,21401887;27,63758997;37,67300152;10,96169651;22,12324247;27,65494299;37,69918162;D;M;;;;;
10,89828691;22,12040527;27,9645023;38,23677493;D;M;10,89828691;22,12040527;27,9645023;38,23677493;10,65135503;22,00712383;27,97302584;38,42521854;D;M;;;;;
11,5099519;21,96176177;28,16568938;36,52991023;D;M;11,5099519;21,96176177;28,16568938;36,52991023;11,51748181;21,81034186;28,16877912;36,22708936;D;M;;;;;
11,53737496;22,14012194;27,94343579;36,6070902;D;M;11,53737496;22,14012194;27,94343579;36,6070902;11,55631328;22,03158046;27,95252831;36,32648303;D;M;;;;;
11,33531358;21,8102547;29,20454341;36,29223048;D;M;11,33531358;21,8102547;29,20454341;36,29223048;11,27019134;21,62241194;29,17957506;35,92100136;D;M;;;;;
11,54818134;21,85076976;27,53683532;37,73401383;D;M;11,54818134;21,85076976;27,53683532;37,73401383;11,57161527;21,67266697;27,55690959;37,77775431;D;M;;;;;
11,61196973;23,0433631;27,09655312;36,24990628;D;M;11,61196973;23,0433631;27,09655312;36,24990628;11,66194059;23,15196405;27,12851884;35,86649554;D;M;;;;;
10,86936098;22,58161009;28,82465482;37,29864977;D;M;10,86936098;22,58161009;28,82465482;37,29864977;10,61039548;22,57920395;28,80994676;37,21708512;D;M;;;;;
11,23846273;23,02093128;27,5106712;37,11228223;D;M;11,23846273;23,02093128;27,5106712;37,11228223;11,13304909;23,12413954;27,53145213;36,97707785;D;M;;;;;
10,71567154;22,50613155;29,29711155;37,46604322;D;M;10,71567154;22,50613155;29,29711155;37,46604322;10,39276894;22,4855801;29,26964305;37,43265723;D;M;;;;;
11,09707882;22,30259628;28,40829626;37,80628703;D;M;11,09707882;22,30259628;28,40829626;37,80628703;10,93284735;22,23311421;28,4048335;37,87082895;D;M;;;;;
11,55798177;22,88855435;27,77421186;37,12393514;D;M;11,55798177;22,88855435;27,77421186;37,12393514;11,58549283;22,95993872;27,7878749;36,99208467;D;M;;;;;
11,95863382;22,78176585;27,85598282;36,73124042;D;M;11,95863382;22,78176585;27,85598282;36,73124042;12,15282213;22,82747788;27,86743733;36,48636577;D;M;;;;;
11,51113113;22,61656043;28,12221313;38,18876033;D;M;11,51113113;22,61656043;28,12221313;38,18876033;11,51915162;22,62255648;28,12647711;38,36338453;D;M;;;;;
11,16431891;22,7129181;28,63301446;38,63998091;D;M;11,16431891;22,7129181;28,63301446;38,63998091;11,02806033;22,74207888;28,62348236;38,94447401;D;M;;;;;
11,2239074;23,79176038;30,6598125;37,49470264;D;M;11,2239074;23,79176038;30,6598125;37,49470264;11,11243852;24,08027874;30,59553923;37,46956531;D;M;;;;;
12,43214227;23,25668237;28,39963395;38,18480588;D;M;12,43214227;23,25668237;28,39963395;38,18480588;12,82331718;23,41656604;28,39640515;38,35829192;D;M;;;;;
11,98370611;23,70158015;30,54227543;37,35362539;D;M;11,98370611;23,70158015;30,54227543;37,35362539;12,18832486;23,96841886;30,48117668;37,28788365;D;M;;;;;
13,06391329;23,5624703;28,69174048;38,62412946;D;M;13,06391329;23,5624703;28,69174048;38,62412946;13,71791439;23,7958665;28,68062227;38,92406025;D;M;;;;;
12,65284447;23,9855405;29,42372206;38,92319954;D;M;12,65284447;23,9855405;29,42372206;38,92319954;13,13583479;24,3206443;29,39283398;39,30920775;D;M;;;;;
12,83042517;23,97017673;29,43097397;39,13237941;D;M;12,83042517;23,97017673;29,43097397;39,13237941;13,38729172;24,30158702;29,39989002;39,57859312;D;M;;;;;
13,06774438;24,3202958;29,95548958;38,67676874;D;M;13,06774438;24,3202958;29,95548958;38,67676874;13,72333927;24,73587598;29,91023915;38,99185;D;M;;;;;
3,214618603;8,036071501;13,51778702;19,01130848;E;F;3,223268603;8,045491501;13,60387702;19,10324848;2,972613582;8,083200029;13,39637413;19,0436371;E;F;;;;;
3,618698693;8,471698929;14,45230224;18,19990647;E;F;3,627348693;8,481118929;14,53839224;18,29184647;3,43524742;8,510219122;14,45596708;18,18915469;E;F;;;;;
3,255395859;8,473324048;15,42996583;20,02277299;E;F;3,264045859;8,482744048;15,51605583;20,11471299;3,019299719;8,511812127;15,56448348;20,10880408;E;F;;;;;
3,978046373;9,080839857;13,43474683;18,8787313;E;F;3,986696373;9,090259857;13,52083683;18,9706713;3,84666684;9,107322953;13,30221964;18,9040209;E;F;;;;;
3,509521987;8,405528179;15,15634392;20,70593618;E;F;3,518171987;8,414948179;15,24243392;20,79787618;3,310250322;8,445355957;15,25423936;20,82823898;E;F;;;;;
4,1716537;8,998203804;15,52305877;20,06621526;E;F;4,1803037;9,007623804;15,60914877;20,15815526;4,068329086;9,026319852;15,6700362;20,15455286;E;F;;;;;
4,498525876;9,448346217;14,63948164;19,82853704;E;F;4,507175876;9,457766217;14,72557164;19,92047704;4,442567097;9,467567102;14,66819901;19,90425541;E;F;;;;;
4,595959139;8,723819874;14,98695407;20,80914798;E;F;4,604609139;8,733239874;15,07304407;20,90108798;4,554119053;8,757357961;15,06217798;20,93693068;E;F;;;;;
4,783094978;8,524583996;15,61744699;19,90095245;E;F;4,791744978;8,534003996;15,70353699;19,99289245;4,768372052;8,562059139;15,77705756;19,98051562;E;F;;;;;
4,462603499;9,762043148;14,7623821;20,59983122;E;F;4,471253499;9,771463148;14,8484721;20,69177122;4,401439342;9,775065138;14,80754876;20,7165005;E;F;;;;;
4,724382649;9,897135134;14,81103543;19,59753258;E;F;4,733032649;9,906555134;14,89712543;19,68947258;4,701151938;9,907487602;14,86271397;19,66098605;E;F;;;;;
5,229635221;9,881575286;13,98771643;19,05881283;E;F;5,238285221;9,890995286;14,07380643;19,15075283;5,279618786;9,892235229;13,9292;19,09366363;E;F;;;;;
4,939063938;9,46280402;14,93334257;20,64211614;E;F;4,947713938;9,47222402;15,01943257;20,73405614;4,946941896;9,481739208;15,00139099;20,76103049;E;F;;;;;
5,380982881;10,63365731;13,41577791;18,87847967;E;F;5,389632881;10,64307731;13,50186791;18,97041967;5,452897674;10,62945553;13,28071187;18,90375591;E;F;;;;;
4,786388707;10,0206066;15,67658515;19,62828536;E;F;4,795038707;10,0300266;15,76267515;19,72022536;4,772143063;10,02851918;15,84411091;19,69337161;E;F;;;;;
4,879231517;10,49567672;15,02067043;19,39841893;E;F;4,887881517;10,50509672;15,10676043;19,49035893;4,878439381;10,49420154;15,10040701;19,4513007;E;F;;;;;
5,428925002;9,645383317;14,02323519;21,07971696;E;F;5,437575002;9,654803317;14,10932519;21,17165696;5,50778691;9,660710596;13,96947268;21,22186519;E;F;;;;;
5,227871036;10,62457347;14,56623384;19,18658101;E;F;5,236521036;10,63399347;14,65232384;19,27852101;5,27759896;10,62055119;14,58514755;19,22821551;E;F;;;;;
4,689755474;10,72900017;15,81852318;19,60882547;E;F;4,698405474;10,73842017;15,90461318;19,70076547;4,661507067;10,72291434;16,00504627;19,67287852;E;F;;;;;
5,634717626;9,509186033;15,48804251;20,39082148;E;F;5,643367626;9,518606033;15,57413251;20,48276148;5,74340018;9,527204676;15,63033328;20,49639365;E;F;;;;;
5,291808316;10,4219827;15,78412047;20,54965886;E;F;5,300458316;10,4314027;15,87021047;20,64159886;5,350801154;10,42196377;15,96603902;20,6636643;E;F;;;;;
5,826453413;10,69012441;14,72826535;19,57329983;E;F;5,835103413;10,69954441;14,81435535;19,66523983;5,962919689;10,68480679;14,76886574;19,63546669;E;F;;;;;
5,222875397;10,83837514;15,54714373;21,01717818;E;F;5,231525397;10,84779514;15,63323373;21,10911818;5,271879421;10,83012798;15,69734475;21,15600599;E;F;;;;;
5,045888121;10,51653271;16,67955979;21,62714555;E;F;5,054538121;10,52595271;16,76564979;21,71908555;5,069245575;10,5146454;16,98132606;21,79835883;E;F;;;;;
5,941159372;10,76384226;14,94831807;20,48691632;E;F;5,949809372;10,77326226;15,03440807;20,57885632;6,094247263;10,75706792;15,01837084;20,59759053;E;F;;;;;
5,438441802;11,26789903;15,27200844;21,10453469;E;F;5,447091802;11,27731903;15,35809844;21,19647469;5,518682754;11,25116414;15,3853847;21,24800059;E;F;;;;;
5,260637634;10,8411919;16,66962538;21,72985318;E;F;5,269287634;10,8506119;16,75571538;21,82179318;5,315113644;10,83288907;16,970062;21,9065196;E;F;;;;;
6,547399572;11,29308531;14,89039911;20,17705657;E;F;6,556049572;11,30250531;14,97648911;20,26899657;6,788335482;11,27585272;14,95269987;20,27127915;E;F;;;;;
6,661751438;11,99038844;15,30422748;19,88480884;E;F;6,670401438;11,99980844;15,39031748;19,97674884;6,919257653;11,9593766;15,42191601;19,96351489;E;F;;;;;
6,086306255;10,88734687;16,95912043;22,37574378;E;F;6,094956255;10,89676687;17,04521043;22,46768378;6,260426843;10,87813199;17,29830376;22,58670296;E;F;;;;;
2,720256155;7,145574385;13,97204203;19,79170969;E;M;2,720256155;7,145574385;13,97204203;19,79170969;2,696968634;7,356823415;14,10141192;19,84006633;E;M;;;;;
3,280402676;8,051095752;13,90202183;18,54225567;E;M;3,280402676;8,051095752;13,90202183;18,54225567;3,262957371;8,194229542;14,03905415;18,72976464;E;M;;;;;
3,503917834;9,074366162;13,97675491;18,90483569;E;M;3,503917834;9,074366162;13,97675491;18,90483569;3,488803747;9,140527379;14,10560906;19,05196394;E;M;;;;;
3,903196749;9,747912142;13,72620809;19,37217734;E;M;3,903196749;9,747912142;13,72620809;19,37217734;3,89224706;9,763407801;13,88248003;19,46725751;E;M;;;;;
4,206077876;8,771371945;14,92444355;19,57403027;E;M;4,206077876;8,771371945;14,92444355;19,57403027;4,198287177;8,860325031;14,94959041;19,64662998;E;M;;;;;
3,917699969;8,991461442;15,23724672;20,41206202;E;M;3,917699969;8,991461442;15,23724672;20,41206202;3,906901546;9,063858929;15,22816296;20,39132971;E;M;;;;;
4,101148414;8,796782226;15,40483622;20,73443107;E;M;4,101148414;8,796782226;15,40483622;20,73443107;4,092263322;8,883823897;15,37741284;20,67779636;E;M;;;;;
4,630147286;9,44117403;15,2475387;19,25937399;E;M;4,630147286;9,44117403;15,2475387;19,25937399;4,626779545;9,479743181;15,23732867;19,36701713;E;M;;;;;
4,829491674;9,824936823;14,07292465;19,55087076;E;M;4,829491674;9,824936823;14,07292465;19,55087076;4,828203055;9,834638522;14,19125477;19,62604976;E;M;;;;;
4,455203275;9,690599719;15,16680639;20,01375032;E;M;4,455203275;9,690599719;15,16680639;20,01375032;4,450010903;9,71040654;15,16543105;20,03737819;E;M;;;;;
5,937833403;9,454445025;13,30733907;18,49574571;E;M;5,937833403;9,454445025;13,30733907;18,49574571;5,948104565;9,492015903;13,50944861;18,68843451;E;M;;;;;
5,099787025;9,902734291;13,84875599;20,25139909;E;M;5,099787025;9,902734291;13,84875599;20,25139909;5,101317532;9,906583899;13,99161729;20,2485599;E;M;;;;;
4,435666474;10,0549583;15,21071303;20,93725159;E;M;4,435666474;10,0549583;15,21071303;20,93725159;4,430270338;10,04735729;15,2045329;20,85802866;E;M;;;;;
4,653806923;10,04441025;15,3857819;19,87021201;E;M;4,653806923;10,04441025;15,3857819;19,87021201;4,650685948;10,03760269;15,36044367;19,90982581;E;M;;;;;
5,187282366;10,53637587;14,8216473;18,64021743;E;M;5,187282366;10,53637587;14,8216473;18,64021743;5,189725432;10,49256161;14,85804334;18,81681635;E;M;;;;;
4,946527366;11,13724493;14,24755599;19,52614287;E;M;4,946527366;11,13724493;14,24755599;19,52614287;4,946459406;11,04823203;14,34677588;19,60407582;E;M;;;;;
4,506037553;9,630833232;16,38114321;21,68662122;E;M;4,506037553;9,630833232;16,38114321;21,68662122;4,501375373;9,655135815;16,24688079;21,52394062;E;M;;;;;
4,955583016;9,434851013;16,10374392;21,15226376;E;M;4,955583016;9,434851013;16,10374392;21,15226376;4,955609504;9,473895794;15,9998378;21,04909481;E;M;;;;;
5,372181392;9,651641121;15,07351087;20,41542026;E;M;5,372181392;9,651641121;15,07351087;20,41542026;5,376552918;9,67437849;15,08234502;20,39431395;E;M;;;;;
4,555669512;10,16981485;16,37250723;21,33268778;E;M;4,555669512;10,16981485;16,37250723;21,33268778;4,551524983;10,15357409;16,23918986;21,20942492;E;M;;;;;
6,14562605;10,24605402;14,21859662;18,78640577;E;M;6,14562605;10,24605402;14,21859662;18,78640577;6,158064448;10,22407839;14,32098559;18,94672362;E;M;;;;;
5,632539685;10,55662485;16,14420865;19,53287784;E;M;5,632539685;10,55662485;16,14420865;19,53287784;5,639626695;10,51128742;16,0358744;19,61006072;E;M;;;;;
5,064929462;10,1858664;16,89916113;21,7161117;E;M;5,064929462;10,1858664;16,89916113;21,7161117;5,066096412;10,16841821;16,70821107;21,55014673;E;M;;;;;
6,31754915;10,14144224;15,01095123;19,84672549;E;M;6,31754915;10,14144224;15,01095123;19,84672549;6,331780671;10,12733573;15,0266314;19,888955;E;M;;;;;
5,971218694;11,47978415;14,86884572;20,48098765;E;M;5,971218694;11,47978415;14,86884572;20,48098765;5,981838058;11,36500472;14,90007675;20,45257906;E;M;;;;;
6,181627717;11,97843145;14,31667578;19,93430893;E;M;6,181627717;11,97843145;14,31667578;19,93430893;6,194441605;11,82614271;14,40833177;19,96678423;E;M;;;;;
5,487596532;10,04392233;17,96350246;22,04841491;E;M;5,487596532;10,04392233;17,96350246;22,04841491;5,493171814;10,03715147;17,65607959;21,84544116;E;M;;;;;
5,193020806;11,91176978;17,24718985;22,4319032;E;M;5,193020806;11,91176978;17,24718985;22,4319032;5,195523723;11,76449547;17,01815437;22,18622017;E;M;;;;;
6,627714857;10,61544615;16,00285733;21,46820688;E;M;6,627714857;10,61544615;16,00285733;21,46820688;6,645181344;10,56568406;15,90999142;21,32985119;E;M;;;;;
6,771559956;11,90539998;15,57164011;22,06777469;E;M;6,771559956;11,90539998;15,57164011;22,06777469;6,790526718;11,75860482;15,52596308;21,86264483;E;M;;;;;
